{
  "overall_score": 96.21666666666667,
  "technical_score": 90.86666666666667,
  "design_score": 100,
  "issues_count": 0
}